,chr_01,chr_02,chr_03,chr_04,chr_05,chr_06,chr_07,chr_08,chr_09,chr_10,chr_11,chr_12
0,0.0,0.0,0.0,0.0,0.0,0.0,0.0,0.0,0.0,0.0,0.0,0.0
1,0.0,0.09724000000000001,0.09992100000000001,0.098966,0.036858386311677094,0.099055,0.008784386311677096,0.0416223863116771,0.0,0.099956,0.09946300000000001,0.021872386311677094
2,0.014826386311677098,0.1280893863116771,0.0899289,0.1320027863116771,0.1330815476805094,0.12763088631167713,0.048228333992186484,0.0777415339921865,0.0,0.1899094,0.1894807,0.05140353399218648
3,0.05631913399218649,0.1582608339921865,0.18083401,0.21759250768050942,0.21866339291245845,0.11486779768050942,0.14338350059296784,0.10102476690464494,0.0,0.17091846000000002,0.17053263000000002,0.08761256690464493
4,0.08391460690464494,0.18634613690464494,0.262303609,0.2377306432241356,0.22452043993288973,0.10338101791245848,0.12904515053367105,0.18897329021418047,0.0,0.253786614,0.25341736700000006,0.17708631021418045
5,0.09912153252585755,0.21032790952585756,0.2773406344116771,0.23194296521339913,0.24087178225127787,0.09304291612121263,0.21609963548030395,0.26903696119276244,0.0,0.22840795260000002,0.22807563030000005,0.1793330655044395
6,0.1309337655849489,0.2312015048849489,0.2819289572821865,0.2474620550037363,0.24400999033782717,0.11989101082076847,0.29443267193227357,0.2594326513851633,0.0,0.24190254365167713,0.30524206727000003,0.25973375895399553
7,0.11784038902645401,0.24950974070813112,0.29696344786564494,0.3211698495033627,0.24071037761572156,0.15017829605036873,0.3649314047390462,0.26384277255832406,0.0,0.3157512892865094,0.3172422468546771,0.338235383058596
8,0.11722573643548571,0.2612591529489951,0.3079874893907576,0.29468125086470354,0.2486057261658265,0.17060085275700895,0.4284242642651416,0.23745849530249166,0.0,0.38413616035785847,0.3206584084808865,0.4047198447527364
9,0.12674854910361424,0.2648196239657727,0.31862312676335897,0.2652131257782332,0.2565935398609209,0.2506787674813081,0.4855778378386274,0.40157164577224247,0.0,0.44569754432207265,0.32996495394447495,0.46695586027746283
10,0.21313469419325282,0.3374246615691954,0.3840188140870231,0.23869181320040989,0.2748865721865059,0.26138327704485437,0.5369960540547647,0.46064548119501825,0.0,0.5010897898898654,0.3324668448617046,0.42026027424971657
11,0.29180022477392753,0.40230619541227586,0.38010231898999786,0.2148226318803689,0.3457329149678553,0.23524494934036894,0.5832834486492883,0.4450013193871935,0.0,0.4509808109008789,0.3400825466872112,0.47762224682474497
12,0.36254520229653475,0.40598796218272537,0.44023308709099807,0.21938675500400912,0.4093806234710698,0.21172045440633205,0.6248641037843595,0.4174285737601513,0.0,0.4474621161224681,0.34268667833016725,0.5298170221422704
13,0.3514860683785584,0.46434716596445286,0.41602416469357534,0.23523946581528532,0.49758556112396285,0.19054840896569886,0.5623776934059236,0.37568571638413617,0.0,0.43718929082189845,0.3421493968088276,0.5764853199280434
14,0.3500168478523797,0.5172444493680076,0.41166913453589493,0.2539109055454339,0.4833803913232437,0.17149356806912897,0.5061399240653313,0.3782235310573997,0.0,0.4090857480513857,0.347301843439622,0.5486151742469162
15,0.35091854937881883,0.5649500044312069,0.39945360739398256,0.22970720130256758,0.5342343521909193,0.25530721126221606,0.5554939316587981,0.38273856426333686,0.0,0.3892665595579243,0.3422480454073369,0.5272610431339018
16,0.413441694440937,0.6077350039880862,0.4565912466545843,0.20673648117231083,0.5191583032835044,0.22977649013599447,0.5997995384929183,0.36560309414868025,0.0,0.35485728991380894,0.3512576271782803,0.5727109388205116
17,0.3844249113085204,0.5908458899009548,0.453762508300803,0.22651821936675687,0.4707818592668311,0.20679884112239502,0.6397765846436265,0.3435371710454893,0.0,0.33023794723410516,0.3518362507721294,0.5458042312501377
18,0.3758628064893455,0.5730346872225364,0.44768764378239984,0.2431547837417583,0.43374405965182505,0.21175834332183263,0.6757709261792639,0.34569384025261746,0.0,0.29900353882237174,0.3548620120065935,0.528044194436801
19,0.3774039121520881,0.6130472185002827,0.43070026571583697,0.24690569167925958,0.42181503999831965,0.19520189530132648,0.7081518335613376,0.35385784253903285,0.0,0.2691031849401346,0.3511811971176113,0.516545161304798
20,0.3803399072485564,0.5772988829619315,0.42549462545593036,0.32168912251133364,0.4011499223101648,0.21688409208287093,0.7373336502052038,0.34771444459680667,0.0,0.2842932527577982,0.4145360774058502,0.5044260314859953
21,0.38433230283537784,0.5545973809774154,0.4226535492220144,0.2895202102602003,0.3796253163908254,0.23008706918626093,0.7635952851846834,0.3308063864488031,0.0,0.2668583137936955,0.4127398559769423,0.49495481464907287
22,0.38602745886351714,0.519438029191351,0.39691058061149004,0.3603001892341803,0.4399317847517429,0.24940474857931194,0.7232171429778923,0.3176561341155999,0.0,0.26893186872600305,0.4703458703792481,0.4873457194958427
23,0.35753709928884253,0.490807612583893,0.38456490886201816,0.35635855662243937,0.42884999258824574,0.3219902737213808,0.6906848149917801,0.3855015207040399,0.0,0.2845050681650798,0.4627146696530004,0.48265053385793555
24,0.3222247756716354,0.4599982376371808,0.4434074179758164,0.32072270096019545,0.4141213796410983,0.3872122463492427,0.6586817198042793,0.44687436863363594,0.0,0.27801794766024895,0.4501985889993774,0.4544838667838191
25,0.32842968441614895,0.4541918001851398,0.4977826761782348,0.30139281717585303,0.4706002416769885,0.4484220217143184,0.6298409341355284,0.5021529317702724,0.0,0.2826065392059012,0.44603511641111676,0.5062784801054372
26,0.32704110228621114,0.44828900647830294,0.49112679487208843,0.29213592176994485,0.44935960382096674,0.5006138195428866,0.5668568407219756,0.4519376385932452,0.0,0.28653227159698813,0.4396549910816822,0.5556076320948935
27,0.32045537836926713,0.44425549214214977,0.5400491153848797,0.28466071590462744,0.44281902975054716,0.48306082390027505,0.6143081566497781,0.5061998747339207,0.0,0.28515343074896643,0.4166548782851911,0.5999958688854041
28,0.3264262268440175,0.4436753292396119,0.5132625901580687,0.2561946443141647,0.4972721267754925,0.43475474151024757,0.6532703409848004,0.4603922735722057,0.0,0.2868704739857469,0.47339039045667203,0.5764016683085409
29,0.3926796041596157,0.4971517963156507,0.496669717453939,0.23057517988274825,0.48907530040962033,0.49124226735922283,0.6021486931979975,0.5142840462149851,0.0,0.2942648128988493,0.45300573772268193,0.5556548877893639
30,0.38940003005533125,0.5459786166840856,0.48550913202022217,0.20959204820615054,0.5380537703686583,0.44211804062330057,0.6419118238781978,0.5626596415934866,0.0,0.3625743316089644,0.43699455026209083,0.5391537853221046
31,0.3504600270497981,0.5341341413273542,0.4805526051298771,0.1886328433855355,0.5257417796434696,0.49779823656097055,0.577720641490378,0.506393677434138,0.0,0.326316898448068,0.39329509523588174,0.5197337931015712
32,0.4144350243448183,0.5211051135062958,0.5315733446168893,0.16976955904698193,0.5715186016791226,0.5479274129048735,0.6201055773413403,0.5557153096907242,0.0,0.3159895949149383,0.3886909720239707,0.4973988001030912
33,0.47169052191033656,0.4879689884673434,0.5205963964668775,0.15279260314228374,0.5582821278228874,0.5931166716143861,0.6587270196072064,0.6000947787216518,0.0264163863116771,0.28439063542344445,0.44725587482157364,0.4691823064044592
34,0.45813185603098006,0.5376500896206091,0.5012581431318669,0.14097772913973247,0.5211633013522757,0.5338050044529475,0.7045763176464858,0.6395323008494866,0.046107133992186494,0.2559515718811,0.4344226736510934,0.44847446207569036
35,0.510395670427882,0.5812750806585483,0.5498093288186803,0.13931534253743633,0.4952323575287253,0.4804245040076528,0.6341186858818372,0.675452070764538,0.07660080690464494,0.2650118010046671,0.4909254062859841,0.5017400158681213
36,0.48648748969677097,0.6225155725926935,0.5232307822484894,0.1253838082836927,0.5439231217758528,0.43238205360688753,0.6037692036053306,0.7078608636880842,0.09699411252585755,0.2385106209042004,0.4832612519690628,0.49314540059298634
37,0.46485112703877096,0.5962134016451013,0.5686217040236404,0.11719281376700053,0.5291111959099446,0.3891438482461988,0.5852996695564747,0.7369997773192758,0.09775708758494889,0.22900694512545744,0.4714105130838336,0.4815652468453648
38,0.460103400646571,0.5725764477922682,0.6094505336212763,0.10547353239030048,0.47620007631895017,0.45016746342157893,0.5329730889125043,0.7632497995873482,0.087981378826454,0.2061062506129117,0.4242694617754502,0.4662361084725054
39,0.5127710605819139,0.6142488030130414,0.5879408665708258,0.10802191001048045,0.42858006868705517,0.4445761033910981,0.508262166332931,0.7867678196286134,0.1147896272554857,0.18549562555162055,0.4033649019095823,0.44781288393693197
40,0.5592639545237226,0.5968273090234144,0.6268837799137432,0.12315468214240888,0.4151354481300268,0.43668987936366543,0.5565949496996379,0.7469594239774292,0.10331066452993713,0.20223844930813561,0.3913677980303012,0.42468498185491593
41,0.5423269453830275,0.57153596443275,0.663656401922369,0.11499152933491093,0.4727059033170241,0.404550277738976,0.6008794547296741,0.7086498678913634,0.13447498438862052,0.18201460437732206,0.3839294045389482,0.40541286998110143
42,0.5858952508447247,0.5567927543011522,0.6954087617301321,0.14275522408192923,0.46029269929699884,0.39301263627675553,0.6407325092567067,0.6562582674139041,0.12102748594975847,0.16381314393958984,0.3455364640850534,0.40235096929466835
43,0.5692321120719294,0.599435478871037,0.662793271868796,0.12847970167373632,0.4233398156789761,0.45359637264908,0.6763752583310361,0.6181008269841909,0.13066612366645974,0.24218286954563087,0.32885520398822515,0.40519225867687864
44,0.5477492871764136,0.5522753172956104,0.6398173309935935,0.148770443734405,0.3810058341110785,0.508222735384172,0.7065777324979325,0.6546657442857718,0.13187589761149088,0.23843626572404428,0.3287860699010797,0.40317541912086785
45,0.5346737447704494,0.5966017855660494,0.6028049842059113,0.1338933993609645,0.44290525069997067,0.5573234618457548,0.6749893455598164,0.6253045561688718,0.12310969416201889,0.2338044345583828,0.31527684922264887,0.3980462635204582
46,0.5241257566050815,0.5809859933211216,0.5798938720969973,0.14787843620044328,0.5036347256299736,0.5977771156611793,0.6263577973155118,0.5627741005519846,0.14576511105749412,0.2104239911025445,0.3036925506120611,0.39158002348008947
47,0.4717131809445734,0.6211063939890094,0.5476288711989746,0.13423250162974065,0.45327125306697624,0.5816207904067385,0.5967154038956377,0.5103190768084632,0.13118859995174473,0.30085823199229006,0.273323295550855,0.37562940744375767
48,0.523048862850116,0.6000621409017856,0.5354483703907542,0.13918089278987472,0.45127851407195574,0.6234397113660647,0.562810249817751,0.4592871691276169,0.11806973995657026,0.2952689810211034,0.2666163523074466,0.374534853011059
49,0.5007873628767815,0.6380209268116069,0.5097169196633559,0.14581577710776183,0.4486990489764373,0.6609857402294582,0.6045912248359758,0.5115184522148553,0.10626276596091323,0.2861140874208018,0.2669071033883791,0.3668977540216302
50,0.46258901290078047,0.6156562204421234,0.4967826140086974,0.1616684652676267,0.4385345303904707,0.6948391662065124,0.5745574886640554,0.47000599330504683,0.13265887567649903,0.26593505545429685,0.24021639304954118,0.3302079786194672
51,0.45813349792237956,0.6522465983979111,0.48827273891950473,0.15811557688527156,0.4231734636631007,0.7231672495858612,0.544308126109327,0.4475927802862193,0.13580637442052623,0.26536185895820885,0.23593914005626418,0.3146985670691976
52,0.4560565344418187,0.6296183248697971,0.4661198513392314,0.14945338961491836,0.38085611729679064,0.7488015246272751,0.5321536998100714,0.5016505022575974,0.1618261232901507,0.26378129438549613,0.23156361236231487,0.29516409667395493
53,0.5098698809976369,0.5811998786944944,0.5172848662053082,0.15390871334536696,0.3427705055671116,0.7121197584762247,0.5788893298290643,0.4863238383435148,0.18570889727281273,0.23815965854382112,0.2307926374377605,0.29748007331823656
54,0.5561948928978733,0.5547752771367221,0.4886957658964545,0.15557249697653713,0.4062794550104004,0.6830681689402793,0.6209293968461579,0.4743528408208404,0.17263739385720855,0.22893381856008008,0.23773776000566155,0.28420045229809
55,0.535978789919763,0.540790135734727,0.4817355756184862,0.16063181451835676,0.4631665095093604,0.6147613520462514,0.5588364571615421,0.4526129430504335,0.18150504078316482,0.23035871484847958,0.2429823703167725,0.255780407068281
56,0.5185662972394638,0.5154505084729314,0.4768344043683147,0.1615178125797609,0.45932724487010146,0.5680076031533033,0.5291531977570649,0.5062596487453901,0.16335453670484834,0.2264968137818056,0.24189451959677236,0.2302023663614529
57,0.4968810538271945,0.4936948439373154,0.4724003502431603,0.16843746310879107,0.44852190669476844,0.6111478428379731,0.47623787798135847,0.4899640701825282,0.1470190830343635,0.20384713240362506,0.21794345394877224,0.2071821297253076
58,0.48904033475615216,0.5414103595435839,0.5228713152188443,0.15793856085868468,0.4036697160252916,0.6499910585541758,0.4361534764948997,0.47013104947595247,0.16553556104260425,0.18346241916326256,0.19614910855389503,0.18662130306445396
59,0.470633687592214,0.5021787099009025,0.513364570008637,0.1532368411073554,0.36330274442276245,0.6844929526987582,0.4255435151570868,0.4306493308400343,0.15972739125002092,0.1651161772469363,0.19577958401018264,0.16795917275800856
60,0.5227543188329926,0.4843532252224894,0.5604451130077733,0.1538260856049255,0.36203585629216334,0.6571910437405596,0.4814721636413781,0.40813578406770795,0.14375465212501884,0.17404215903548248,0.1762016256091644,0.18697864179388482
61,0.5038522732613705,0.4599602890119176,0.539854988018673,0.14823111792650506,0.42390327066294703,0.6083123256781807,0.5332769472772403,0.38268259197261423,0.12937918691251696,0.21488174313193426,0.16499684935992504,0.16828077761449634
62,0.47463343224691057,0.41396426011072585,0.5226668755284828,0.13340800613385456,0.3970063299083294,0.5791394794220397,0.5080706388611933,0.36728171908702995,0.11874765453294236,0.25111052881874085,0.18461955073560965,0.1592880861647238
63,0.5270860890222195,0.3920992204113304,0.5035395742873117,0.1343157109500741,0.3981740832291736,0.6201185314798358,0.49416196128675105,0.33055354717832697,0.14563427539132523,0.2809953959368668,0.20743398197372578,0.14335927754825142
64,0.5743344801199975,0.3898786846818744,0.4722950031702576,0.13504449755843817,0.3880160612179333,0.5921750646435293,0.46936315146975305,0.2974981924604943,0.16223823416386984,0.27212762495148574,0.2227469700880303,0.16129414837886985
65,0.6148150321079977,0.3933902025253641,0.5233885028532318,0.12839057777973228,0.37493984140781705,0.5675609444908536,0.4661392226344549,0.2677483732144449,0.14601441074748286,0.30543506245633717,0.20983865939090438,0.18262046440019286
66,0.5926019152088751,0.39802456858450486,0.5697846525679087,0.12557708225266342,0.37824124357871247,0.5488982363534454,0.5195013003710094,0.25502092220467754,0.13232635598441167,0.3248915562107034,0.18885479345181394,0.18608688109315005
67,0.6319657236879876,0.4019084980377315,0.6119241873111179,0.12458432855206793,0.4386491192208412,0.5910544127181009,0.5674641703339085,0.22951882998420978,0.1421841066976476,0.34040240058963306,0.16996931410663255,0.18193082839057798
68,0.6664251513191889,0.38994503454563545,0.5908041548916831,0.11212589569686114,0.4367515936104342,0.5582253577579679,0.6101747533005177,0.3095679469857888,0.15992308233955996,0.3525148805306698,0.1628797690076464,0.19139329323202958
69,0.6369450224989471,0.39095591740274904,0.6299417394025149,0.10091330612717503,0.43175082056106784,0.5370652082938482,0.5643386642821431,0.27861115228720995,0.18262916041728106,0.36161011247760283,0.16532717841855885,0.19863054386310247
70,0.6132159065607296,0.39420671197415125,0.6066869517739405,0.09082197551445753,0.42796412481663815,0.5270240737761405,0.544342184165606,0.27463142337016605,0.16890663068723005,0.36819544122984255,0.19129084688838005,0.26356004947679224
71,0.6501783159046567,0.36910542708841326,0.6443692565965464,0.08173977796301178,0.3851677123349743,0.5736586663985264,0.49471132433448894,0.24716828103314945,0.17008635393018415,0.37359629710685827,0.17216176219954205,0.237204044529113
72,0.683875484314191,0.35623527069124905,0.6231547172485689,0.08552871606021373,0.372647327413154,0.6144317997586737,0.4856863227602501,0.2224514529298345,0.2560797185371657,0.3362366673961725,0.18083197229126496,0.21348364007620171
73,0.6346353221944491,0.3513331299338012,0.5929776318353891,0.08417139262146194,0.43533359467183863,0.6503416197828064,0.4713885736172016,0.20020630763685107,0.23692513299512624,0.306412219728759,0.19477316137381556,0.19213527606858155
74,0.6103931762866812,0.3596452032520982,0.5491582549635273,0.08089975380035179,0.4917582352046548,0.6197028441162029,0.4606572316622244,0.18018567687316597,0.23885000600729073,0.2757709977558831,0.273810845236434,0.1729217484617234
75,0.5824242449696903,0.3450710692385655,0.5358288157788518,0.0728097784203166,0.4425824116841893,0.5816259460162598,0.4441541561765113,0.16924849549752646,0.21496500540656166,0.2481938979802948,0.28140927929823417,0.15562957361555105
76,0.5651142067843983,0.3544563486263861,0.5806459342009667,0.0677159055668539,0.4982561705157704,0.5366127377263109,0.3997387405588602,0.1581250322594509,0.2014408911775826,0.2233745081822653,0.2941503222276208,0.14006661625399594
77,0.5400961724176355,0.3499701000754246,0.5545907270925472,0.06467999227250394,0.5483505534641935,0.49189285026535695,0.3597648665029742,0.14231252903350583,0.21517518837150146,0.20655316553130837,0.2824960131378352,0.12605995462859634
78,0.5212149414875491,0.31497309006788216,0.5395350406949696,0.05821199304525355,0.5912489381177741,0.44270356523882126,0.34166222435448557,0.12808127613015524,0.23500105584602843,0.18589784897817754,0.3435278118240517,0.11345395916573671
79,0.5690444473387942,0.28347578106109395,0.5854165366254727,0.05239079374072819,0.5554543351652067,0.42643659502661624,0.30766933869461227,0.13855832710258328,0.22453533657310268,0.17705359679516228,0.3201535783221559,0.11708922594110346
80,0.6120700026049147,0.25512820295498456,0.5491472692746024,0.04715171436665538,0.5383242447816625,0.4003893218356317,0.27690240482515105,0.12470249439232496,0.20208180291579242,0.15934823711564605,0.3165872004442162,0.12708333831270002
81,0.6508300023444233,0.25339976897116323,0.4942325423471422,0.04243654292998984,0.5180013357102392,0.4593523896520686,0.2671587056657441,0.15077448808606894,0.2801516226242132,0.14831129066641688,0.28651551262783687,0.12649685172090336
82,0.685721002109981,0.23614317838572402,0.4756396744241051,0.03819288863699086,0.4993089498197247,0.5131461506868618,0.2502813286960443,0.175365954684205,0.29045484667346905,0.14125803113587707,0.28937520586686194,0.11384716654881302
83,0.7170939018989828,0.24793024685882872,0.5257567069816946,0.03456907067822594,0.46806519479202807,0.5617625356181756,0.24560200169708093,0.19061040689629388,0.29143274831779925,0.1338039698321577,0.285228242055751,0.11137688168093798
84,0.8106635117090846,0.24799160848462296,0.5152934225952023,0.031112163610403348,0.4470916875408676,0.5253016683680352,0.23472639967178036,0.20147322616094035,0.3024138597976964,0.12389324693257674,0.2703745268995175,0.12498627757361691
85,0.8237661605381761,0.24483983394783776,0.49570946664735915,0.028700362701830098,0.4361861232885896,0.5019418878429087,0.2292349301227763,0.19060649577288863,0.2874588601296039,0.11391008859672032,0.2540264955326739,0.1157117861507944
86,0.8408405444843585,0.2541682368647311,0.4709439062943004,0.026374394157880628,0.40751068773530585,0.4886750853702949,0.20631143711049868,0.17873573069740853,0.2587129741166435,0.10251907973704828,0.25163237957628115,0.15695368753571498
87,0.7974958763475998,0.228751413178258,0.5218485156648703,0.023736954742092566,0.38852392801111696,0.43980757683326543,0.2062989483651557,0.17548389440324288,0.23284167670497916,0.09226717176334345,0.22646914161865303,0.14377011966421557
88,0.8151672887128398,0.2058762718604322,0.5684996640983834,0.02136325926788331,0.38168069653311343,0.4947748191499389,0.19420690076811348,0.1734926140122603,0.20955750903448125,0.08328905776570973,0.22222426560119524,0.12939310769779402
89,0.766626946153233,0.20295646325983255,0.610668697688545,0.019226933341094977,0.3694775604766767,0.445297337234945,0.18668921020454193,0.18131971393414242,0.18860175813103314,0.07496015198913876,0.2305886094592497,0.11645379692801462
90,0.7194006378495869,0.18543174779305932,0.6472998279196907,0.01730424000698548,0.3419754502996501,0.41560398982312763,0.187734720971094,0.19314571613760279,0.27104858231792983,0.06746413679022488,0.23684753120526517,0.12200569493858462
91,0.7456885740646282,0.20615085614672987,0.6002342314393987,0.016209043732520474,0.3331826634140926,0.413474977152492,0.18707777293475733,0.20150225039448358,0.24394372408613685,0.060717723111202396,0.22170079305044554,0.11615713542186408
92,0.7100011029698425,0.22412276593879982,0.5402108082954589,0.014612274811735512,0.3168557674908573,0.4717444794372428,0.18888189197582078,0.19735358349944274,0.25702573798920025,0.05464595080008216,0.20113224098487434,0.12087118413058205
93,0.6720963789845353,0.20171048934491984,0.49400211377759007,0.013737750509262587,0.303958853433712,0.5245500314935185,0.18962291138654436,0.19700149556767244,0.32915916419028024,0.04918135572007394,0.18837555639962672,0.11861262024219468
94,0.627771127397759,0.1994689003647037,0.48789028871150814,0.012913766363270497,0.2999150430560477,0.47209502834416667,0.17066062024788992,0.17984344870284563,0.33353863408292933,0.04426322014806655,0.1826902325466703,0.12028292501641251
95,0.5977174009696602,0.2173666425562756,0.4824436461520344,0.011622389726943448,0.2884306659899163,0.52485852550975,0.17287775137893946,0.2260955838325611,0.3417611569863135,0.0398368981332599,0.17678761335277599,0.10936321158697501
96,0.5737510471843713,0.2284591828024568,0.43419928153683096,0.022551950754249102,0.2831583789041645,0.572354672958775,0.1678637616706505,0.22373139268877834,0.30758504128768216,0.03585320831993391,0.17804994835203758,0.13215659042827752
97,0.5482283287776113,0.23802572129778635,0.4906273533831479,0.03429675567882419,0.26226777280075436,0.5151192056628975,0.16368984320695693,0.2174530729331403,0.276826537158914,0.03226788748794052,0.16048222212513946,0.12970841500518643
98,0.5289868822115272,0.2487650582173494,0.5414136180448331,0.03086708011094177,0.2928461955206789,0.5634932850966078,0.15606910886339914,0.21508559742683253,0.24914388344302257,0.02904109873914647,0.1444339999126255,0.12215388939817091
99,0.5187355803020516,0.3013464523956145,0.5870532562403499,0.04578037209984759,0.319516215968611,0.5464133428986241,0.1582191202279636,0.19357703768414927,0.2533098814103974,0.02706713204393245,0.14639979307720152,0.12156896862562341
100,0.5061324085835235,0.30282810075292765,0.6263479306163149,0.04120233488986283,0.3415375943717499,0.5893580086087618,0.15501976272983808,0.19430115025027353,0.22797889326935766,0.024360418839539204,0.1526999991990864,0.11490909220409712
101,0.45551916772517115,0.29517773654827595,0.6621961375546834,0.037082101400876546,0.3593437949345749,0.5450833863333292,0.13951778645685428,0.18421000383355182,0.233160390254099,0.024060015586752994,0.15304717698254922,0.10377779569848991
102,0.4482026372643311,0.28140232103785584,0.6359889101108922,0.0373402239755914,0.32340941544111745,0.5847347276999962,0.12556600781116886,0.16578900345019665,0.24248473754036617,0.021654014028077696,0.15002786926143222,0.09810502111720988
103,0.4356057598495751,0.26263535935224425,0.6706090190998031,0.033606201578032256,0.33903055389700576,0.5492380380629731,0.14733716703005198,0.198521603105177,0.3159082637863296,0.019488612625269925,0.14250544458619338,0.09651559626782431
104,0.43000457017629473,0.24590840610896025,0.7013301171898229,0.030245581420229033,0.3511067985073052,0.4943142342566758,0.1326034503270468,0.1962213082242643,0.2885838237193737,0.020698373172611268,0.14169785465224488,0.10446623664104188
105,0.4847191131586653,0.2389028604637711,0.7301141054708407,0.03351783917170926,0.35998291865657467,0.4500437585115176,0.11934310529434211,0.2216957374018379,0.2874428276591134,0.02356312539145202,0.1644013691870204,0.10986521297693769
106,0.47115558815447584,0.277427934417394,0.7570526949237566,0.030166055254538332,0.3659703467909172,0.44268876261464174,0.1074087947649079,0.21143185363879205,0.29530693120487916,0.02739849011464224,0.15950801134052212,0.10250852576287871
107,0.42918541565070534,0.2756720604888944,0.7245648117430581,0.03428006107505471,0.36935171211182555,0.3989422385812199,0.10237761572945316,0.19811931052581722,0.2958476243960684,0.030876146091746978,0.15460802155244013,0.09225767318659084
108,0.4015742603973119,0.306847254440005,0.7509203305687523,0.042304514039752994,0.370372840900643,0.3808513792249067,0.09213985415650784,0.19591513399790633,0.2872352482681386,0.03444598419737478,0.1508577430169328,0.08303190586793176
109,0.45913883435758074,0.3325066289960045,0.7744042975118771,0.04469570943421499,0.3333355568105787,0.37153625807799123,0.08292586874085706,0.190698027396553,0.3573817234413248,0.03778670621867335,0.13781238460874265,0.07690146618607276
110,0.5110899509218226,0.3153881024309433,0.7960418677606894,0.04964749301546433,0.30000200112952086,0.34734934131953377,0.09478268186677136,0.18238300372910146,0.32164355109719234,0.0444919037640756,0.13090581431513798,0.06983462274616611
111,0.4599809558296404,0.2976351607961546,0.8155476809846205,0.05757816596482228,0.2700018010165688,0.34487160851068854,0.0884588032161961,0.17184549470216154,0.3066155822991502,0.05011832928117117,0.11781523288362418,0.06305865592401659
112,0.5139328602466764,0.2819934855986112,0.8328849128861584,0.07026487934547798,0.27296322091491193,0.3852360876596197,0.0796129228945765,0.1859505452319454,0.2759540240692352,0.05156837997279073,0.11335068231006426,0.057050758057848476
113,0.5625045742220087,0.25461933019458866,0.8475784215975426,0.06729300911430165,0.27365625882342076,0.3749008447642988,0.07302270468875365,0.169431006602254,0.2813540079739888,0.057087673321481874,0.1047740590676268,0.05134568225206363
114,0.6043241167998079,0.23354670260473478,0.8013539657494655,0.0744152536324765,0.2722807529410787,0.35026663843227646,0.06620624057727953,0.1798696659420286,0.26875199348826706,0.057529645061537446,0.09429665316086412,0.04621111402685727
115,0.5777630914315042,0.2180264700476328,0.759598955486196,0.08478342142506741,0.2450526776469708,0.3339904450072228,0.06130065515071929,0.16791193978886182,0.26961818045111746,0.051792027353821,0.09058133738087959,0.04159000262417154
116,0.5616761686000309,0.20825139302000742,0.7823500599375764,0.09485940016463276,0.24253508988227374,0.32992550319844094,0.05676662054058153,0.16084563852477815,0.24265636240600572,0.0858624246184389,0.08360486545265997,0.03743100236175439
117,0.5451739380517049,0.19724685596891106,0.8032050539438188,0.10045586875647512,0.23827078089404638,0.3248802478443037,0.051094901665224,0.1490273996608693,0.21839072616540514,0.08374896440749939,0.07815461299102876,0.03368790212557895
118,0.5329949305582116,0.17752217037201995,0.7629319348611141,0.09691377821536679,0.23243326280464174,0.30269583029934666,0.046990826951168685,0.1367151369571178,0.21768803986054175,0.11881834796674945,0.07205975804932713,0.030319111913021054
119,0.5162278238140675,0.15976995333481797,0.7862067413750027,0.08898988445460283,0.22518289652417758,0.28913052678265183,0.04297187198228536,0.12604627279750788,0.2276326221861647,0.11566519087344597,0.06828212087556212,0.027514228447952493
120,0.48110442774433787,0.15138693707353992,0.7514324535491795,0.08009089600914256,0.21665858687175982,0.26021747410438667,0.03867468478405683,0.11642330732762543,0.22621774627922533,0.12389261721570638,0.06301297969294008,0.028747925603157247
121,0.4329939849699041,0.14906331471215614,0.7183485945059387,0.0753661859214681,0.19499272818458385,0.2591991707547207,0.034807216305651145,0.10648007067849768,0.2035959716513028,0.12911604864997428,0.057038224902346696,0.02668027622154215
122,0.3896945864729137,0.1442092668606772,0.685341121367022,0.07084101456879463,0.18548985536612547,0.24560899001378783,0.03132649467508603,0.09583206361064792,0.18323637448617253,0.12966640466704896,0.051334402412112026,0.03189512859938794
123,0.39445951413729946,0.1307301560681126,0.7146030092303198,0.06375691311191517,0.17493838982951293,0.22759201962071468,0.02819384520757743,0.08624885724958313,0.16491273703755527,0.12065331280864969,0.046200962170900826,0.032141854370616854
124,0.38322994903524665,0.12884100862857095,0.7414197083072878,0.05738122180072366,0.16344221084656163,0.2155028985407153,0.025374460686819686,0.07762397152462482,0.15447984964547684,0.1332651578623239,0.04158086595381075,0.032455355290956424
125,0.35751307271716554,0.12380614820674991,0.7038391237882362,0.07008627003882527,0.15109674976190546,0.19429980184248233,0.022837014618137717,0.06986157437216234,0.13903186468092915,0.14546930613686423,0.03742277935842967,0.034665953845495576
126,0.353788696304659,0.11703658610087743,0.6550225977210897,0.06307764303494275,0.1379862547857149,0.17811000708783908,0.020553313156323947,0.0628964323874132,0.12968006452451333,0.14001920731018408,0.0336805014225867,0.03600374027081435
127,0.3498447298071696,0.11324839247935865,0.6187017242606578,0.059742744602089524,0.12418762930714343,0.17233646408242664,0.01849798184069155,0.056606789148671885,0.1314474443837391,0.13136564609240547,0.036312451280328034,0.0366879757798348
128,0.34377069223319556,0.10192355323142278,0.6551505518345921,0.06889884373875517,0.11176886637642909,0.1708752276513219,0.016648183656622396,0.0509461102338047,0.15246808625704228,0.13186836872263827,0.04095232615229523,0.03860825546418674
129,0.3349107706903854,0.0917311979082805,0.6883564966511329,0.06200895936487966,0.10059197973878618,0.15378770488618973,0.014983365290960157,0.04585149921042423,0.23708427763133808,0.14331628681608133,0.036857093537065705,0.04272273490633703
130,0.32306363357562273,0.08513365992732079,0.7183698469860196,0.07430117247773338,0.09053278176490756,0.1544342889222416,0.013485028761864143,0.04126634928938181,0.31281684986820424,0.1957647381344732,0.03658147054076039,0.041576794130505836
131,0.3756289502180605,0.07883374801822352,0.6465328622874177,0.09669067200553527,0.08547778358841682,0.17599640003001743,0.012136525885677728,0.03713971436044363,0.2815351648813838,0.20011173473919985,0.03292332348668436,0.0392945951584913
132,0.3610193796980632,0.07331333957380243,0.5818795760586759,0.08702160480498175,0.08292484522957513,0.16237309909921946,0.010922873297109956,0.03342574292439927,0.35092264839324544,0.19343307940968738,0.02963099113801592,0.046388843809911755
133,0.35336109850383207,0.0696945442475899,0.5236916184528083,0.07831944432448358,0.0770874316115518,0.15660452053526772,0.00983058596739896,0.03008316863195934,0.4137863835539209,0.24710261146871865,0.04483259202421433,0.05105127532242371
134,0.32639249770279055,0.06475224072776509,0.5709424566075275,0.10504543984631107,0.06937868845039662,0.15305011210147762,0.009312755096892607,0.027074851768763408,0.4002781315102059,0.24458464391872137,0.0403493328217929,0.05299523140991801
135,0.29984612925561965,0.0594225598336892,0.5549375972584519,0.13110554354218934,0.07438261960535696,0.16734760089132986,0.009425615039670432,0.02436736659188707,0.3729847046708624,0.24621124084995738,0.04185562452818257,0.05005951961489642
136,0.26986151633005767,0.053941519302787365,0.5299972238442838,0.11799498918797041,0.08093819764482127,0.16067278896946646,0.009765816714404015,0.021996645385165447,0.3648946205154533,0.24628242581430335,0.03767006207536431,0.05483490672561054
137,0.2428753646970519,0.04902955509874217,0.48097388777153255,0.10619549026917337,0.08884053788033916,0.15118023051355586,0.010909745947897783,0.019796980846648903,0.3621595447755851,0.30353528323287304,0.03390305586782788,0.06599556285148678
138,0.2185878282273467,0.04412659958886796,0.4328764989943793,0.13025151210146604,0.07995648409230524,0.14320710017700278,0.012608709984275716,0.018433233666918184,0.3536599766097037,0.3571657949095857,0.03713737844831468,0.07361136109100894
139,0.200229315822786,0.03971393962998116,0.3895888490949414,0.125102019476763,0.07196083568307472,0.13488191514787146,0.014029405343249398,0.018095348931394077,0.34366036526041044,0.40741567541862717,0.03342364060348321,0.06921390723281243
140,0.1802063842405074,0.03616663339321659,0.3506299641854473,0.1125918175290867,0.0697561971033362,0.12480500089541974,0.014576438892559251,0.016633140395655922,0.3214787150460465,0.36667410787676447,0.030081276543134892,0.06229251650953119
141,0.18909552078216355,0.03299970550636201,0.3309983540785797,0.10133263577617803,0.0701009101078051,0.11884975034197964,0.016503816813171663,0.014969826356090331,0.2893308435414419,0.33000669708908803,0.029109880234791618,0.06716968256194954
142,0.17995645594342055,0.03018491813442644,0.33199290498239886,0.09119937219856022,0.07240619953806063,0.11267747711765003,0.017310864667956376,0.013472843720481298,0.30025414549897483,0.3889701473801792,0.026198892211312455,0.060452714305754586
143,0.1619608103490785,0.028673817225917962,0.33374600079583605,0.11992082129038131,0.06516557958425456,0.10140972940588502,0.01557977820116074,0.01634068888453505,0.3037971172607544,0.4440468126421613,0.025506509788618507,0.06561513603101768
144,0.14576472931417064,0.027946874134493878,0.34333778702792955,0.1300711254730203,0.06456843751933224,0.09512800282269779,0.020055385369613626,0.014706619996081544,0.31003079184635607,0.49561333137794517,0.028228413334427497,0.07082454330998801
145,0.13118825638275358,0.02515218672104449,0.40729000832513657,0.11805739923739537,0.06598787738713568,0.08613074117159572,0.026424259547454768,0.01323595799647339,0.30138009897339757,0.5440255382401507,0.02540557200098475,0.07386513758729485
146,0.13216260707901742,0.022636968048940043,0.40647739380430004,0.13397104562533294,0.060825040994392336,0.07751766705443615,0.029365434033745336,0.018098694911628556,0.28548947538773495,0.5895779844161356,0.0341639447780242,0.08428460016310454
147,0.1314513349794213,0.02037327124404604,0.37124104073554715,0.13453232737447673,0.06763823596715686,0.07576590034899254,0.037295798797640396,0.0162888254204657,0.2569405278489615,0.5306201859745221,0.030747550300221783,0.0797348242075668
148,0.12415068236355127,0.021075073655743314,0.35629532297366956,0.16124248094870616,0.06303637916887847,0.07225727031409328,0.03356621891787636,0.01951301104568872,0.27436686137574245,0.5775151673770699,0.028135220699804613,0.0913869735738164
149,0.11173561412719614,0.022756043552504403,0.35305917698797973,0.18269661916551266,0.06859129577666147,0.06705224328268396,0.030209597026088726,0.02053572583462298,0.2469301752381682,0.5197636506393629,0.042649891785662704,0.09324793572967456
150,0.11345695814408155,0.026855684185822924,0.34618764560085885,0.1644269572489614,0.0717132084498997,0.06034701895441556,0.027188637323479856,0.018482153251160684,0.3222011577143514,0.5051876718871038,0.04532866348916852,0.08453138939618045
151,0.11523018003304486,0.032914128482043135,0.3397372673524501,0.15745964783574237,0.07520721758204767,0.054312317058974005,0.02446977359113187,0.016633937926044617,0.3323774282545934,0.48702229101007055,0.05773850574855731,0.09359556542226928
152,0.10370716202974038,0.03681675607487487,0.3283859269288822,0.24028668305216816,0.08490631352721437,0.04888108535307661,0.035102543030455985,0.017124203205643913,0.33080107174081114,0.5365150619090635,0.05196465517370158,0.11006743157198279
153,0.09333644582676634,0.03313508046738738,0.3295287205476711,0.25565940105862844,0.09006082760409793,0.043992976817768946,0.04790004325208123,0.02743056968351682,0.3094083508784071,0.5172469420298342,0.10592064965633141,0.10858725883295847
154,0.08881215576876055,0.03437748831415178,0.3275242348045811,0.3298694609527656,0.13104474484368817,0.03959367913599205,0.05808950117777748,0.03476926723983598,0.31376490210224356,0.505940634138528,0.09532858469069827,0.11379417109407014
155,0.08824016699032178,0.038613463102473274,0.39224481132412303,0.33979290116916616,0.16990491035931937,0.03563431122239285,0.05508044103713766,0.035797002766756764,0.31254579820369627,0.49136495703635225,0.14795258622162843,0.11523109985530418
156,0.08277580936349337,0.04277148813819616,0.4513273301917108,0.40571561105224957,0.20687391932338745,0.03207088010015356,0.0495723969334239,0.04742695246721901,0.37838821838332665,0.47405884764439415,0.1331573275994656,0.12968736346664836
157,0.07977957977311424,0.050457638396580295,0.5057975971725397,0.4650560499470246,0.24215068739104872,0.028901899816371746,0.04461515724008151,0.05325615492386857,0.3802907828566711,0.5241109628799547,0.11984159483951905,0.11671862711998353
158,0.08347694541553949,0.04609754135535957,0.4880692237669628,0.5184884449523222,0.21793561865194386,0.026298605287201654,0.04015364151607336,0.06616496486108672,0.38425609088268114,0.5121602529036364,0.10785743535556715,0.10719587345732685
159,0.08156106676748867,0.04148778721982361,0.43926230139026656,0.56659460045709,0.2560796567867495,0.025122867937182113,0.03613827736446602,0.0801091615308166,0.38308486810609016,0.4960166139249499,0.09707169182001044,0.1063116828871694
160,0.07340496009073981,0.03733900849784125,0.4254253898366835,0.609882140411381,0.2924357311080745,0.0226105811434639,0.04495761823632506,0.08778788625980705,0.3883097676071583,0.4464149525324549,0.09723600078241691,0.10550967910026122
161,0.06606446408166583,0.033605107648057124,0.4767151708530152,0.6488589263702429,0.32717807799726706,0.02205716166028522,0.042242872747231736,0.08563672624213198,0.3786221771581196,0.40177345727920943,0.10980444657481628,0.0949587111902351
162,0.05945801767349925,0.04151753458662288,0.4533007169006902,0.6278774200448958,0.41898511019754037,0.02092429185165795,0.04295344953328128,0.1322823336179188,0.38125734575398473,0.3931804978629656,0.11552833551420924,0.09300830002548745
163,0.054570500894718287,0.05104068655756559,0.4352223206173641,0.5755240643520834,0.4450301591777864,0.023167716750126948,0.044936136366959416,0.13917278431689964,0.37274499749026335,0.3815618343883462,0.10397550196278832,0.09758221770344809
164,0.05395352806758188,0.06750131105764759,0.4203951362361371,0.5307000442285521,0.47042004326000775,0.02489324688498259,0.059216982243503274,0.15007053767221593,0.37462388405291414,0.4404776509495116,0.09357795176650949,0.08782399593310328
165,0.05263812479692557,0.06990026083395492,0.4087529225667993,0.4776300398056969,0.495344918934007,0.022403922196484332,0.0702651312586263,0.14557644341823414,0.3408088819592998,0.4141872721662375,0.08422015658985854,0.08598761947276942
166,0.04858573412710135,0.06907724335886506,0.39465234253816167,0.4298670358251272,0.5196269070406063,0.02044920723917132,0.07763875309847056,0.15540688631588406,0.30672799376336984,0.41592093126129087,0.07579814093087268,0.10893386838470251
167,0.04804985479802601,0.08576869535751773,0.38215311278615427,0.3868803322426145,0.4964274699334203,0.01840428651525419,0.08373558048056393,0.20457457768429568,0.28905158069870995,0.41553422444683885,0.07122091906582773,0.14109716013167584
168,0.04753335567562467,0.10113502988253867,0.37835925828311406,0.348192299018353,0.5754660029400782,0.01656385786372877,0.0945975928506815,0.2502015599158661,0.29339480894051606,0.4087261883138321,0.08941148711352082,0.15521383043018536
169,0.04462775873922991,0.11366095868129106,0.4192809324548027,0.31337306911651774,0.5179194026460704,0.014907472077355894,0.09470979171002086,0.23976897434245348,0.3079717143581416,0.401862955794126,0.08047033840216873,0.18038583369884392
170,0.04117021377024108,0.11490900232640175,0.37735283920932244,0.382035762204866,0.5482471823814634,0.013416724869620304,0.08523881253901879,0.23054227505261565,0.3072539292340045,0.3665200465263905,0.10899181996869478,0.19394363664063663
171,0.03789807557191761,0.12601994933323493,0.4138733552883902,0.3438321859843794,0.4934224641433171,0.015119568276161403,0.15271493128511693,0.2074880475473541,0.3111349226222812,0.34328642818542854,0.1278919411048018,0.20072565928825006
172,0.03410826801472585,0.13882028936561833,0.40138996563019225,0.41142796738594145,0.5300028177289854,0.013607611448545262,0.21544343815660524,0.19108521638949327,0.3775064303600531,0.32737217167856275,0.11672551785353162,0.20775547967110217
173,0.030697441213253265,0.12974680312099693,0.3854634072115805,0.47526817064734733,0.5088254359103628,0.013362181649660949,0.1938990943409447,0.20022625607365208,0.3833281736357249,0.2946349545107065,0.133548804653622,0.22199031801566907
174,0.027627697091927937,0.1449186932270712,0.37700403690859646,0.4277413535826126,0.4870060399998359,0.012025963484694854,0.19510872168242546,0.18020363046628687,0.44292735627215246,0.36337345905963586,0.1395193104999369,0.23540267252577926
175,0.024864927382735144,0.14322870204877158,0.36806313590967726,0.4860382182243514,0.45894783140659523,0.021936613934662667,0.20653705401599168,0.1621832674196582,0.4967106206449372,0.36354449946534934,0.15819076576162033,0.30931240527320136
176,0.02237843464446163,0.14250879771453548,0.39672288231870956,0.5388193964019163,0.5069007682659357,0.02203550706586724,0.22267448084243482,0.14596494067769236,0.4747699448921206,0.34742843583049154,0.1423716891854583,0.3166135510575584
177,0.020140591180015467,0.14561585153995654,0.3570505940868386,0.48493745676172473,0.5521492514393421,0.019831956359280516,0.2389152927124672,0.13136844660992314,0.44149733671458563,0.3380739785591195,0.1573419065785896,0.31198958226347967
178,0.018126532062013923,0.15495766770906905,0.3833232146781548,0.5380147110855522,0.5949157062954079,0.031774930700490395,0.22591051112172988,0.11823160194893083,0.4171479893548041,0.32729396701488467,0.15875810223240774,0.32149501034880884
179,0.016313878855812532,0.16618460998750384,0.4044268932103393,0.484213239976997,0.6353991356658671,0.03462683533381282,0.2033194600095569,0.10640844175403774,0.4050845767310008,0.33745695662507336,0.17819467832084407,0.29141789562560505
180,0.01468249097023128,0.16947442576432867,0.3875910079500781,0.4357919159792973,0.5718592220992804,0.04129569723003655,0.19379411714157765,0.09576759757863397,0.3954765053695778,0.32588964727424313,0.19932359680043676,0.2795064923747217
181,0.01452238505190878,0.1852654676897046,0.3683666034896095,0.39221272438136756,0.6146022998893524,0.058407820662871444,0.17441470542741988,0.08619083782077057,0.39956524114429715,0.29330068254681885,0.2005756234320702,0.29209722944892663
182,0.013070146546717901,0.19959727314877646,0.3489170717489542,0.35299145194323084,0.7403030699004173,0.05762111947865639,0.15983129347012145,0.09533596489790352,0.40274910334154457,0.30075000060381407,0.18051806108886317,0.262887506504034
183,0.011763131892046112,0.21610948578817468,0.33584840545613087,0.35536369306058485,0.7047401492220526,0.06900853613909638,0.2419701641231093,0.10233730699355673,0.4010965793190672,0.2706750005434327,0.16246625497997685,0.2645771421653077
184,0.010586818702841502,0.23183898488986662,0.31615075806635634,0.3229617100662035,0.6342661342998474,0.07974901885972592,0.24101453402247547,0.12093696260587816,0.4049403076988376,0.2644068868007665,0.17707301579365628,0.263353814260454
185,0.009528136832557352,0.2110989618076229,0.30465650768932573,0.38950553905958313,0.5708395208698627,0.08212850103452604,0.22358246693190503,0.14959965265696745,0.407403663240631,0.27254858443236696,0.20253210052596776,0.23987981914608572
186,0.014789144959169952,0.21512032875983708,0.29198797462376463,0.45028598515362483,0.5388359550945535,0.1001676827180797,0.23842360655039163,0.14833707370294782,0.390602683228245,0.27066811230080734,0.18227889047337098,0.25699722354315424
187,0.021040579999354835,0.21049026674306337,0.3059104971613882,0.43962877294993946,0.4849523595850982,0.15115395444627172,0.22911863220702958,0.13350336633265306,0.38474580121709756,0.3418853010707266,0.16405100142603388,0.33127050118883883
188,0.023465799261754773,0.2245060186542006,0.2890960296961538,0.4262712819666226,0.4367325099382655,0.1513392862411179,0.23286115529800372,0.12015302969938775,0.3761066074070649,0.33950415727533106,0.1476459012834305,0.322414837381632
189,0.026065344324148254,0.23140480310045766,0.27490618125120925,0.42695954008163745,0.491098258944439,0.141087632582713,0.24894042607988046,0.10813772672944898,0.37525533297803554,0.3322781278594751,0.13288131115508744,0.3330357399551459
190,0.033946422606535936,0.222491709102089,0.25972352992452563,0.3935169723851508,0.5393044330499951,0.13872205201638213,0.2431737697835695,0.09732395405650408,0.435997799680232,0.3237847013852047,0.11959318003957871,0.3993491659596313
191,0.03793354078691839,0.20024253819188012,0.2693670569320731,0.39574966145831286,0.5285853760566727,0.19372844681474394,0.25756377911688966,0.12104494496253078,0.42327440602388594,0.33532661755836135,0.10763386203562084,0.3594142493636682
192,0.03414018670822656,0.1943506706843692,0.257059662584836,0.4540806953124816,0.5143902247626825,0.19954940027767706,0.2632987875168778,0.1474218367779548,0.4180723517331745,0.3336113421142023,0.10389286214373585,0.34237321073897853
193,0.04296508393090703,0.21565398992760937,0.24305557994608906,0.4525560120929105,0.4927595885980913,0.2078723661205504,0.23696890876519003,0.17672103941183642,0.40225550287153417,0.32404359421445916,0.11417396224103936,0.3389552759767578
194,0.041131419157553,0.23130497724652552,0.2291178378449833,0.42928279719529655,0.5417856297382821,0.20450766310536997,0.21327201788867103,0.2570149354706528,0.4039163388960578,0.38968523479301326,0.1449709523286125,0.34352713469075913
195,0.04795688858776792,0.24924886583355005,0.21785108222775457,0.41415690378744396,0.515952453076131,0.18650249811794112,0.29116281609980393,0.24350782823526462,0.46298870500645206,0.38149809762538905,0.13047385709575127,0.3475508075333603
196,0.047890658801194884,0.26480036556187214,0.20098761444601515,0.4024015997203767,0.562118207768518,0.167852248306147,0.2932919208015007,0.3171230454117382,0.5147328345058069,0.36862767417452724,0.21511847138617612,0.3541831130917014
197,0.044000059719512694,0.28008171531736203,0.18441478571621614,0.40243782606001616,0.5431907733033432,0.1510670234755323,0.2639627287213506,0.31001212718224147,0.5022789373669033,0.3556442930687516,0.2335990105592356,0.3448921880942084
198,0.039600053747561426,0.3496045437856259,0.1717173721331635,0.40018742976569166,0.516013082284686,0.13596032112797907,0.2803978421608927,0.3166333007756944,0.48412142994189006,0.4184718637618765,0.23898649581498915,0.3446543555964647
199,0.05078793062370967,0.3534964757187404,0.15995151218218254,0.4018880731007996,0.5062261603678945,0.15334096124322347,0.35190805794480345,0.28496997069812496,0.47267767325937815,0.47390467738568887,0.23428923254516734,0.3524193063484953
200,0.05955038753847662,0.35795921445854345,0.14568803050006615,0.40356365210239675,0.49108293064278213,0.15645728507317697,0.3572086384620002,0.29812435993998954,0.43913429224511746,0.4702645959587971,0.2476996956023277,0.3279087620253228
201,0.07245322648800043,0.3240256793243662,0.13810856925992787,0.4006856732038342,0.475248023890181,0.14668710424636866,0.3646971609274773,0.30209831025766765,0.43591024933228284,0.4629825226745945,0.32195472604209496,0.3060482721344676
202,0.0853637692688054,0.3333524977036067,0.1272807464175699,0.4029984921951279,0.46848760781284005,0.16242198922847473,0.3618458311464066,0.2718884792319009,0.4896542243990546,0.4263746567188122,0.3877112534378855,0.27544344492102085
203,0.08964308549776341,0.34305363424492313,0.11584991813321416,0.3935580292872922,0.4352612333432332,0.14617979030562725,0.334359634343443,0.2446996313087108,0.5381798019591492,0.4236165773586081,0.38965351440577406,0.2650834867405959
204,0.10183465783005917,0.34993965713210795,0.10426492631989275,0.3613976126702401,0.42692149632058696,0.16887354213427455,0.3431430572207758,0.22022966817783973,0.5823828217632343,0.48123391962274725,0.3929815492768738,0.27969952437821344
205,0.11445182065535889,0.3509710777305743,0.09598558459283764,0.3449582377148932,0.4837793466885283,0.1519861879208471,0.4082207514986983,0.2953667013600558,0.6216225395869108,0.5329335276604725,0.37619178066086356,0.29549095825206917
206,0.10430773492436218,0.35467235626919397,0.08803692931225451,0.319979800255081,0.4604227983313526,0.14003195544043948,0.46634267634882853,0.3639230312240502,0.5924096719398969,0.5232345612061023,0.37654798890645436,0.2918852487385393
207,0.11858518549269868,0.3494925069539517,0.08014989183349615,0.30938520654125,0.43959290480989444,0.12836914620807263,0.4577197950256228,0.4255197281016452,0.5747550910575844,0.5708951050854921,0.382436576327486,0.2843681101763625
208,0.13208649873043507,0.3429286425702336,0.07278665037638007,0.375791685887125,0.4271320006405821,0.12891961789894246,0.5112868155230605,0.4814217552914807,0.615603581951826,0.613788594576943,0.3772723050064145,0.29256568547040335
209,0.14421128837063138,0.35141516462488737,0.06550798533874207,0.4381165172984125,0.4831938005765239,0.21372065610904822,0.5035275202824316,0.5324385797623326,0.6526042237566434,0.6524027351192487,0.3395450745057731,0.2899805032350401
210,0.15581344677304157,0.41454764816239864,0.05895718680486786,0.42626725188024833,0.5339674205188715,0.2196469768098205,0.49489115456586563,0.5178611080977764,0.6185501876926562,0.605200847919001,0.32860595336687287,0.2898548392232132
211,0.14023210209573742,0.40179426965783593,0.05379011585061462,0.41244291300390057,0.5161560647786614,0.22958866544051554,0.4870764254209562,0.5080493835996759,0.5566951689233907,0.584042149438778,0.2961357443418627,0.283976741612569
212,0.1938974518861637,0.3820732290037295,0.050027959718020244,0.4707936217035105,0.5634294583007953,0.2482741852081411,0.4572001691905377,0.4965658315513854,0.5010256520310516,0.6256159344949002,0.3649751699076764,0.2596104537629892
213,0.17450770669754734,0.37198429241503367,0.04704946692491885,0.5236452595331595,0.5410228987823928,0.2519411529990041,0.41148015227148393,0.48902263470792395,0.4888954731396236,0.6619613410454102,0.36823303922858586,0.2671367946983674
214,0.1570569360277926,0.34474424948520743,0.04234452023242696,0.4712807335798436,0.5851596089041535,0.32522203769910374,0.37033213704433554,0.48069175754880866,0.5391689258256613,0.6937022069408691,0.4294867353057273,0.2566805015402077
215,0.21675206242501333,0.3102698245366867,0.04123390684035198,0.5240316602218593,0.6254556480137382,0.31850622024087044,0.3638193096515791,0.4664349681056049,0.5828910332430952,0.7233069862467822,0.41653044808683165,0.24891383769786404
216,0.2077068297793866,0.2792428420830181,0.03937928251371804,0.5153658805113505,0.6004154695240415,0.3040909845284605,0.3695917649980983,0.45929885760672157,0.5681683162304628,0.750911287622104,0.3797217895898256,0.24429484023975476
217,0.26281220680144796,0.2837089441863934,0.03868324834598103,0.5628792924602154,0.6378009225716373,0.30694627238729155,0.4313755884982885,0.44520735815772655,0.5113514846074165,0.7757711588598937,0.3417496106308431,0.26311474252745637
218,0.24587449517064483,0.2959634360794312,0.041346665321251266,0.6065183632141938,0.6138592166261507,0.31481703146023954,0.42519041596013674,0.406602008653631,0.498338722458352,0.7973970429739043,0.30757464956775876,0.2700196545863878
219,0.30257200565358033,0.2922544787831652,0.04448496832522802,0.6458415268927745,0.5842256812752128,0.3004707146258927,0.48112337436412306,0.399365194099945,0.5473808502125168,0.817633338676514,0.27681718461098287,0.28342007543942616
220,0.35626944508822234,0.3606460309048487,0.04835574875504064,0.6812223742034971,0.5623994994593686,0.2960660294749805,0.43914642323938785,0.3979380610016276,0.5916737651912651,0.7761843911205397,0.2739538524615617,0.28117245420716064
221,0.35438923280744244,0.32719981412604093,0.04621393886810554,0.6496805230948244,0.5339349358251089,0.29027481283915957,0.43551616722712616,0.39979764121314193,0.6303603886721386,0.7189733383201629,0.27920685352708263,0.2530552087864446
222,0.35462936948097407,0.32771321902511397,0.0478475176960975,0.7743584707853419,0.514697828554275,0.3053337178669207,0.40223593681609066,0.4030642634035048,0.6107807361166019,0.6882893907998238,0.2933105544860515,0.25946407421947726
223,0.3572106802133861,0.3325742834342797,0.0522471063675238,0.7968846237068078,0.48846143201052467,0.3187027323919057,0.3668767294461587,0.3964302233748314,0.6482036625049417,0.6403948380315185,0.26397949903744633,0.27163405310920663
224,0.41285941219204747,0.2993168550908517,0.055209143898041005,0.817138161336127,0.4683776751211493,0.38505545915271516,0.33018905650154284,0.39548458734902536,0.6826812962544475,0.6114647405400437,0.2418369354453788,0.27407403410996306
225,0.3829431341058192,0.31006955589344365,0.057235745401740035,0.8352993452025144,0.4538392939207115,0.44650791323744365,0.2971701508513886,0.39864651492579994,0.7142961666290029,0.5860296527977166,0.21765324190084093,0.34640463069896676
226,0.3446488206952373,0.3201279866157764,0.06401181448130269,0.8498264106822631,0.5084233645286403,0.5018341219136994,0.26745313576624974,0.45783086343321994,0.7423985499661026,0.527873073829622,0.21099030402243393,0.3117641676290701
227,0.3101839386257136,0.3852961879541988,0.09088779303317243,0.7981481559257139,0.48963941438745345,0.5516327097223295,0.24867620850130187,0.447120163401575,0.7671116949694923,0.4757461527583369,0.21015365993186763,0.2805877508661631
228,0.27916554476314226,0.386845955470456,0.09548383280205895,0.8178513403331424,0.47017385926038524,0.5964434387500965,0.2625999739628488,0.4407025333730946,0.7901315254725431,0.4603499237941803,0.22698968025035796,0.3524219757795468
229,0.25124899028682807,0.3917437462350875,0.09891449632029035,0.8357572062998282,0.44096185964602386,0.5367990948750869,0.263301362878241,0.4399166663474623,0.8100843729252888,0.45266731772643937,0.23573309853699925,0.31717977820159216
230,0.24147547756982235,0.44957837161157876,0.10546800121293216,0.8506924856698455,0.4392360599930986,0.5260475716992553,0.26530361290209403,0.42770238602439314,0.72907593563276,0.42416597226547254,0.22816117499497643,0.3845878003814329
231,0.22185631612451723,0.5016935344504209,0.11173270334254332,0.780973623414538,0.4120638403054659,0.5716108145293298,0.24520563792356173,0.41769553373363094,0.671163728381161,0.42027076135060243,0.23201544380715589,0.4459400203432896
232,0.22292307082374263,0.4946115673170559,0.143418073008289,0.7032056473847613,0.4127628425865964,0.5418811193880739,0.26337846044288266,0.47434898036026785,0.640355741854722,0.4087730715272193,0.2088138994264403,0.5006970183089606
233,0.23191315005304547,0.48911979689702745,0.14594602341083154,0.7310110826462852,0.4027359446396139,0.5028023937609436,0.26669500071027147,0.4423474686359182,0.6129765539809269,0.4040301506861745,0.18793250948379628,0.5504683164780646
234,0.243583221359418,0.47942220351900183,0.1380317664993534,0.6928253606933339,0.4028587364873296,0.4525221543848493,0.24023388695092143,0.40455910808400347,0.5937912848945114,0.40054152192923415,0.16913925853541664,0.5951544848302581
235,0.31760489922347623,0.5291269831671017,0.12422858984941805,0.6674782109356776,0.4062592491502738,0.4072699389463644,0.31518249825582934,0.36410319727560314,0.5767385427167373,0.45855236973631075,0.1533987189935521,0.5760014226589094
236,0.28584440930112864,0.49216967116206867,0.12096365174654834,0.644379776153787,0.3976577105469235,0.36654294505172796,0.3826902484302464,0.36410826385971995,0.5492280747567407,0.5105701327626797,0.139957233405874,0.5302646667046955
237,0.2967303546826929,0.4773380903575389,0.11456341518019915,0.6799087985384084,0.3895663258039082,0.3369510368582323,0.38371160989889885,0.37050582378542507,0.49430526728106666,0.49220350579808886,0.16337889637696368,0.49280358634590304
238,0.29767570552610073,0.47111966763346214,0.10310707366217924,0.7118809186845676,0.39063407953519447,0.30325593317240906,0.3858698352206861,0.3761326277185597,0.4624791268646371,0.47305754152995705,0.1639973930509444,0.46531861402298985
239,0.30056052128516775,0.521942700870116,0.11618683035673404,0.7399718268161108,0.39118405789335214,0.2729303398551682,0.3877422380102946,0.4363663649467038,0.42934060048985045,0.4416701736886384,0.14759765374584996,0.461539138932368
240,0.368144469156651,0.5691314307831044,0.1251729791080669,0.6968120304461769,0.383472038415694,0.25071469218132847,0.38262640052094227,0.43104111476371054,0.48369354044086543,0.49593615631977456,0.14892227468294209,0.4570286113508083
241,0.4294720222409859,0.610529287704794,0.1299192007105,0.6688712137132363,0.3845952208858017,0.22564322296319564,0.3694651467805251,0.42485838959901656,0.5337851863967789,0.5462775406877971,0.16428943352632497,0.43582513652740457
242,0.4249182063285644,0.5924757452459917,0.13514320787892334,0.6141544786535899,0.37351708510889864,0.2340402869785532,0.36556501841414973,0.410472936950792,,0.5916217866190174,0.1712658764853696,0.4317590091863412
243,0.480194385695708,0.5332281707213925,0.186080527091031,0.5847724170999079,0.3601467629096859,0.24709164459237498,0.4281195165727348,0.3983000295673899,,0.6313586079571156,0.19472567514850975,0.3885831082677071
244,0.4725783334378143,0.47990535364925324,0.18543153707386834,0.5586985617015942,0.3655384729303944,0.2519208664448146,0.4166649512271384,0.37997441292232803,,0.6113801334730812,0.2048014939453359,0.39237618375261346
245,0.46173688640571,0.451993204596005,0.1668883833664815,0.5266070918431118,0.42656362563735495,0.2575081661120102,0.4743584561044246,0.3557233579417723,,0.6493941201257731,0.1992007308624794,0.4502165653773521
246,0.4545435840768161,0.4392452704480816,0.15019954502983338,0.5727883826588007,0.42355164938529655,0.2598337358124863,0.5259256104939822,0.35481840845927215,,0.624136094424873,0.20760504408790859,0.4051949088396169
247,0.4417946119808116,0.49282574340327345,0.21037395052685007,0.5563079307045977,0.423530870758444,0.24510474854291478,0.5722800494445841,0.33389895392502206,,0.6606704849823857,0.21757892599079484,0.3646754179556552
248,0.4974081507827305,0.4873085553746232,0.18933655547416506,0.5414215239458151,0.4170021699942767,0.2512386600003004,0.5398184308118028,0.32068044484419694,,0.6241668227958242,0.19582103339171536,0.32820787616008973
249,0.44766733570445744,0.47140508614883797,0.1796930012498567,0.5265537578629107,0.47406795299484905,0.26793418031194743,0.5071689740422997,0.32211578667145435,,0.6001235268279189,0.1885623163642209,0.33666147485575787
250,0.4362899884456888,0.4415659638456313,0.18851121017421274,0.5736953820766196,0.46002154400704126,0.2777991485924298,0.4964444629497468,0.319694594315986,,0.5728565604568041,0.16970608472779883,0.33178371368185916
251,0.432856375912797,0.4948133674610682,0.2010918259323667,0.5163258438689576,0.42585277591801424,0.27554862004486397,0.4839684029664492,0.32983052119606454,,0.6130229044111237,0.19471386256669607,0.33195172862535033
252,0.39887312463319446,0.5426710307149614,0.1932713278409388,0.5646602594820619,0.4254478846378899,0.29058214435205465,0.4614419489814814,0.3953884690764581,,0.5910690002816885,0.19986686262170356,0.32605294207449237
253,0.3924431984815521,0.48840392764346524,0.18980464728488725,0.5081942335338557,0.4825440961741009,0.3614189299168492,0.5125227540833333,0.4558146221688123,,0.5750414865651967,0.21589756267121032,0.3191150341787202
254,0.393653264945074,0.4395635348791187,0.2006794025106744,0.5573148101804701,0.4342896865566908,0.3677334232368414,0.497319864986677,0.5101981599519311,,0.5175373379086771,0.2094461927157664,0.3031599170725253
255,0.3834123247622437,0.3956071813912068,0.21640750994011637,0.6015383291624231,0.3908607179010217,0.3641284672248344,0.4662222647996864,0.559121343956738,,,0.19533995975586685,
256,0.37847847859769645,0.35604646325208616,0.20983027435284765,0.5413844962461808,0.4517406461109196,0.3713930068140281,0.4369994246313949,0.5461525958727413,,,0.18813835009195726,
257,0.4394896307379268,0.35661120323855466,0.21472205005053935,0.48724604662156273,0.4065665814998276,0.36860009244430236,0.43607886847993255,0.5096897225971443,,,0.20572290139443863,
258,0.49426966766413416,0.36017146922637633,0.22683869590469544,0.43852144195940645,0.46586392334984483,0.35869346951154923,0.49049798163193925,0.5565617503374298,,,0.21567399756667188,
259,0.5440467008977208,0.3595747086154158,0.23012716489966947,0.3946692977634658,0.41927753101486037,0.3458065088720714,0.4477895697804224,0.5982845753036868,,,0.1941065978100047,
260,0.5204514171196258,0.3607376240655513,0.2506238347213796,0.35520236798711924,0.47731077791337434,0.3112258579848643,0.41276199911405725,0.6372291177733181,,,0.17795532434068134,
261,0.5110766617193404,0.34477524797067327,0.25568483756091875,0.41963113118840734,0.5289637001220369,0.32208465849805495,0.4150291855143286,0.6128155923076635,,,0.18307117821829033,
262,0.5570659955474064,0.334181109485283,0.255041740116504,0.4775720180695666,0.5128207164215103,0.3291735789599266,0.41730565327457286,0.5943764193885743,,,0.1647640603964613,
263,0.6005133959926657,0.3433313848484318,0.3271885661048536,0.52974881626261,0.49925603109103633,0.396167221063934,0.39981547425879266,0.633101777449717,,,0.18553904066849228,
264,0.5813444427050762,0.33096163267526574,0.32278009580604533,0.576177934636349,0.49033181429360984,0.4565034989575406,0.40274431314459047,0.6108689860164224,,,0.18647452291332015,
265,0.5374603847462457,0.2988588557194163,0.3319754725371179,0.617528141172714,0.47291401917592596,0.5107601490617866,0.40391126814180855,0.5884254737264573,,,0.18350845693366521,
266,0.5168777325832983,0.29690235645915175,0.39681792528340615,0.6557363270554426,0.4570980035700105,0.5594221341556079,0.3955585276393048,0.5680173126654886,,,0.16917599755197582,
267,0.5634119593249685,0.3644941208132366,0.38709251906674264,0.6332760806615754,0.44587458952468656,0.6033819207400472,0.45357767487537437,0.5445109677106168,,,0.16111678410845534,
268,0.5478261497041487,0.3687520950435901,0.3785136534717455,0.6109058589070949,0.49855513057221795,0.6419457286660425,0.452020293699514,0.5341432572512322,,,0.1735664920092869,
269,0.5282069210454109,0.43056288553923105,0.36137167443624807,0.5916616593280626,0.5473356175149962,0.6758251557994382,0.5057092643295626,0.580084931526109,,,0.1652052291200353,
270,0.5095686152525469,0.42279498329698506,0.4229755069926233,0.6303064933952564,0.5191604420751736,0.6373600265311716,0.4820717242082835,0.5593638246851751,,,0.17406109251970886,
271,0.5585697537272922,0.41003687127896365,0.4235083426050381,0.6661888440557308,0.4937997841793334,0.6125834101897315,0.47269293809913226,0.5090688285283347,,,0.19376436957941506,
272,0.6022357783545631,0.4090705704627444,0.41801889465621145,0.6407833459618348,0.4681291920730771,0.5836664554824356,0.522595644289219,0.4972693319871783,,,0.20695631893315067,
273,0.6419722005191069,0.40478189972814704,0.40435639150226743,0.5956453976773284,0.43442665917744655,0.5625151962458691,0.5070724661719742,0.49091578510013756,,,0.2837656870398356,
274,0.7558989804671963,0.39358609606700945,0.3639207523520407,0.5784012442212727,0.427785379571379,0.5496190629329594,0.49424760586645394,0.5415562065901238,,,0.2809975046475292,
275,0.6803090824204767,0.3979248727719856,0.33062806342851375,0.5258705061108225,0.42594622792591824,0.5927071566396634,0.46906223159148563,0.5228039722427885,,,0.29127314049445335,
276,0.6122781741784291,0.4563623854947871,0.3959192570856624,0.5143148418114174,0.41617599144500356,0.5544518272873742,0.520802008432337,0.5012669613301868,,,0.262145826445008,
277,0.5898887430722634,0.5080871469453084,0.45620833137709615,0.5032427439419528,0.4077807786121803,0.5411670308703139,0.5661968075891034,0.4888286515088452,,,0.2359312438005072,
278,0.6306468687650371,0.5000078185624547,0.41058749823938656,0.4772928558594346,0.3996090870626394,0.5216107140949596,0.608384126830193,0.47327917266963776,,,0.21468750573213358,
279,0.6668961818885334,0.4911104230178863,0.3695287484154479,0.4482329565851682,0.45768517835637545,0.5679756426854636,0.5843271004588508,0.46855464171435107,,,0.19321875515892023,
280,0.69883556369968,0.4787197670277748,0.43189987357390314,0.4463840472383285,0.45402504683241507,0.5399504647285944,0.5540177767246429,0.520713177542916,,,0.17389687964302822,
281,0.6718373936413891,0.4691461766366744,0.4323482725281899,0.4402160288261727,0.4352619284608507,0.5244718045674122,0.4986159990521786,0.5061332461003015,,,0.1904545779904025,
282,0.6452130405889273,0.45247394528468404,0.38911344527537095,0.4358238122552326,0.49009573561476566,0.48417901042234807,0.45439378545863784,0.49655530780194845,,,0.17140912019136226,
283,0.6144611228417117,0.4458079370678928,0.39249048705951095,0.4244498173413864,0.4789635483649662,0.4667154956917903,0.5081144069127741,0.4888811633334307,,,0.17796959448390312,
284,0.5733463968692176,0.43522452967278064,0.45199143835355987,0.4251882219189249,0.5305501935284695,0.5188029461226114,0.5008003525331738,0.47207443331176474,,,0.16017263503551282,
285,0.6145987571822958,0.41501046301717964,0.44727768082988095,0.40920378603870955,0.5774671741756225,0.5066210378220273,0.4507203172798564,0.42486698998058825,,,0.14415537153196153,
286,0.5901902677757435,0.41207180302713875,0.44008829905857,0.3682834074348386,0.6197014567580603,0.4935813203515017,0.4067826718635479,0.41170267729420656,,,0.13063622069044248,
287,0.5726316273098463,0.41478600903610197,0.4255728554643901,0.34214245300303187,0.6577153110822542,0.5441951883163516,0.40197279098887023,0.373057795876463,,,0.13619098493307533,
288,0.5532308508905388,0.4053677944441689,0.4153959562296282,0.34551359401440573,0.6903087799740288,0.5897586694847164,0.3994698982016603,0.3602044026004938,,,0.1593452727514449,
289,0.534761152113162,0.4057094013114292,0.40816974691834246,0.3159336209246423,0.6521462882883031,0.6307458025362448,0.40107029469317135,0.3517793486521215,,,0.1434107454763004,
290,0.5128264232135229,0.40047784749196336,0.4085181585381853,0.2996266451438552,0.6863266594594728,0.6660622222826204,0.45976226522385427,0.35670280009858646,,,0.15760805724034746,
291,0.4868291672038477,0.3979664490544441,0.4648413426843668,0.2929773669411468,0.7173399935135255,0.6967050000543583,0.44042342501314596,0.36120990640040496,,,0.14184725151631272,
292,0.4818396367951401,0.37995519046067683,0.4495745947276072,0.27924601655870923,0.745579994162173,0.6694188863605995,0.43151246882350847,0.36340030207204155,,,0.16002791267635855,
293,0.4747610594273032,0.37664705772628626,0.4404415215665236,0.29481580121451545,0.7697279947459557,0.6318923840362166,0.42438660825283475,0.35291465817651446,,,0.1633925077203998,
294,0.46789233979624995,0.36590673826533476,0.4403187557215483,0.265865607404741,0.7230225815830372,0.604168531944272,0.4818829474275513,0.35647957867054014,,,0.1610726432600369,
295,0.5181581058166249,0.3712874507504784,0.4207482664610706,0.278790432975944,0.7496093234247335,0.582697065061522,0.5327896526847962,0.41969562080348616,,,0.15280976524571033,
296,0.5102636815466396,0.3704040919871077,0.40185182612664067,0.28357377599002676,0.7160307773939373,0.5523037448670469,0.5227500737279936,0.47527005872313755,,,0.1450281750328164,
297,0.4927146997036527,0.35921506910007406,0.3966280298256537,0.2848767847027012,0.6884310859662207,0.5955053703803422,0.4704750663551943,0.46321443916250093,,,0.13052535752953476,
298,0.46710461604496456,0.4207195621900667,0.40072961315476546,0.3550041062324311,0.6569163636812758,0.5540932196539851,0.5259385597196748,0.45692538155792795,,,0.11747282177658129,
299,0.45380354075214524,0.4157439922827371,0.401731038150966,0.3278120819208651,0.6284951136248254,0.5273702840002636,0.4740060900593845,0.4240672297138123,,,0.12348892591060026,
300,0.5055611866769307,0.3831479793661405,0.39652732064754653,0.3101322600404557,0.58359698857402,0.4964636419119144,0.525112481053446,0.38166050674243107,,,0.14822541963121733,
301,0.49071045432091476,0.37030356774120354,0.36473597489446896,0.27911903403641014,0.623940289716618,0.48449266403240004,0.5048536192597786,,,,0.1425912639797727,
302,0.4467477952005004,0.36940959727876027,0.36476576371669917,0.29494651694444624,0.5882056470566333,0.45980878394083713,0.4844486436454778,,,,0.12833213758179543,
303,0.44045340199212746,0.3518080238625613,0.3698875736567064,0.36304386525000165,0.6285780823509699,0.4380322918584305,0.53514277928093,,,,0.11549892382361589,
304,0.44028844810459183,0.35530560778798226,0.36541820260271285,0.42445947872500145,0.59553566042755,0.4925630626725874,0.580760501352837,,,,0.1039490314412543,
305,0.4343929896058098,0.3432114333208611,0.4272783823424416,0.4797995308525013,0.5781304806964721,0.4709201427170058,0.5650278375292304,,,,0.19379512829712886,
306,0.4885756906452288,0.40594128998877504,0.48287554410819744,0.5309565777672512,0.6202204326268249,0.4295725147569823,0.5369214400879844,,,,0.174415615467416,
307,0.539633121580706,0.40836754730157465,0.5321909896973778,0.5754419199905262,0.6581643893641425,0.4848582632812841,0.580573296079186,,,,0.1579194402323515,
308,0.5856438094226354,0.40535017888309427,0.5203702770393172,0.5230491143031507,0.6303293367394054,0.4763378232648328,0.5454173527829445,,,,0.17114888252079347,
309,0.5500938147920489,0.4061905473064619,0.5675402493353855,0.5031675891845128,0.5672964030654649,0.4339744272500266,0.5296290038163272,,,,0.17311938058039122,
310,0.5116808196245212,0.4632244925758157,0.548756610713524,0.4966212165777386,,0.42627537083670103,0.6060901034346945,,,,0.19416182883402922,
311,0.46051273766206907,0.45051942962991126,0.5249363359538487,0.48659748123164187,,0.4818778337530309,0.545481093091225,,,,0.1747456459506263,
312,0.5118374638958622,0.44515687297859724,0.5709977023584638,0.48006811942015476,,0.5314460503777279,,,,,,
313,0.5578047175062759,0.4272715719924146,0.6109839321226175,0.5299443074781394,,0.577593445339955,,,,,,
314,0.6004462457556483,0.40389080110485026,0.5636239252220329,0.47694987673032546,,0.5572144871176367,,,,,,
315,0.5678820074917605,0.3908391073060423,0.5072615326998295,0.45808027536897,,0.501493038405873,,,,,,
316,0.5478831930542616,0.37733158288711516,0.48852376574152373,0.4549716341437501,,0.4629431208769628,,,,,,
317,0.5211392600605125,0.35934681091008075,0.47218477547904847,0.4395068570410522,,0.4544821951009436,,,,,,
318,0.5130317203661383,0.3647645161307498,0.4637366842428208,0.43390855764862407,,0.44331936190252635,,,,,,
319,0.5046359346412016,0.36981245082935194,0.44774440213021577,0.39932608819543874,,0.44275581202395087,,,,,,
320,0.49097672748875854,0.37497559205809383,0.42884534822887127,0.377515865687572,,0.43392061713323293,,,,,,
321,0.4720644410515598,0.3755634191639615,0.42921719971766126,0.3784366654304919,,,,,,,,
322,0.447673383258081,0.43515207724756544,0.4303158660575722,0.38265038519911987,,,,,,,,
323,0.43496743124395,0.4899968695228089,0.4190586657634921,0.4421983466792079,,,,,,,,
324,0.488558688119555,0.4847375688822051,0.3771527991871429,0.4253988983229642,,,,,,,,
325,0.4791192056192766,0.45454419830566173,0.35927190558010574,0.4813330084906678,,,,,,,,
326,0.5291712850573489,0.5070367784750955,0.35648110133377225,0.533170707641601,,,,,,,,
327,0.5203635428632911,0.49004848693926306,0.3625903775120721,0.5798446368774409,,,,,,,,
328,0.5674501885769621,0.47474602455701387,0.42439833976086494,0.5218601731896968,,,,,,,,
329,0.6097121697192658,0.4570788084129896,0.41198889209645556,0.5670201558707272,,,,,,,,
330,0.5903183390590163,0.45376631388336774,0.47059600288681,0.5435225265953316,,,,,,,,
331,0.6309555051531147,0.4524890688067081,0.46554378890980613,0.5308346602474756,,,,,,,,
332,0.6678209546378032,0.4427165482377144,0.4517007963305026,0.5764331942227281,,,,,,,,
333,0.6010388591740229,0.4323082797256201,0.42426510300912945,0.5564322611121324,,,,,,,,
334,0.6408349732566206,0.4266908380647352,0.4233469790198936,0.5440364213125963,,,,,,,,
335,0.5767514759309585,0.4217521405699388,0.41433266742958136,0.5885377791813367,,,,,,,,
336,0.6171633283378627,0.39569631282462203,0.4104657869983004,0.629625001263203,,,,,,,,
337,0.5986713818157535,0.3941970678538369,0.40827559461014745,0.6666105011368827,,,,,,,,
338,0.5784406299458553,0.3856467473801303,0.4047524214608098,0.6998124510231944,,,,,,,,
339,0.6192655669512698,0.38861145895379434,0.40835756562640596,0.729293205920875,,,,,,,,
340,0.6564830102561429,0.393496699370092,0.4069101953754425,0.6960002716404646,,,,,,,,
341,0.6895207092305287,0.39779741574475996,0.39873056214957536,0.6680136307880953,,,,,,,,
342,0.7193826383074757,0.39391406048196104,0.45727550593461785,0.6986702677092859,,,,,,,,
343,0.6906247607884053,0.35452265443376496,0.45481334165283316,0.7275512409383573,,,,,,,,
344,0.6325616710212418,0.3577407753020656,0.5073450074875498,0.6904275031561987,,,,,,,,
345,0.5858118902307948,0.33306208408353616,0.49156889305047197,0.662953139152256,,,,,,,,
346,0.5680400875193924,0.33651426198685963,0.4763653900571019,0.6232142115487075,,,,,,,,
347,0.5452114650791302,0.4000628357881737,0.4643692373630688,0.6030971767055139,,,,,,,,
348,0.5216377048828943,0.40351193852103345,0.5162663136267619,0.6411724590349626,,,,,,,,
349,0.510244320706282,0.40251413098060723,0.5013720685757628,0.6148505994431435,,,,,,,,
350,0.5004432749473309,0.4062251041942236,0.4904212480298636,0.5864949258105062,,,,,,,,
351,0.4916823337642749,0.4072729800864784,0.4853415095385543,0.5569968195411328,,,,,,,,
352,0.46936048669952446,0.39625106838950763,0.479335744896376,,,,,,,,,
353,0.4515838243412491,0.38918134786223396,0.4683535567184155,,,,,,,,,
354,0.4379018282188013,0.4482632130760106,0.45869358735825105,,,,,,,,,
355,0.4133280317085983,0.43144527808008665,0.512334228622426,,,,,,,,,
356,0.3923856148494156,0.4135781365837551,0.5597508057601834,,,,,,,,,
357,0.39678943967615116,0.4018367092370567,0.5324421114958422,,,,,,,,,
358,0.45439749570853605,0.40513242462502813,0.5774869003462579,,,,,,,,,
359,0.4305231324493595,0.3930625684742024,0.6182022103116321,,,,,,,,,
360,0.42505920551610066,0.38179469793845927,0.6561919892804688,,,,,,,,,
361,0.4080956712761677,0.3867056144562905,0.690496790352422,,,,,,,,,
362,0.4004544904602281,0.34822843932233855,0.6214471113171798,,,,,,,,,
363,0.4043994277258824,0.3566939817017818,0.6582434001854618,,,,,,,,,
364,0.40634887126497127,0.41918258353160365,0.6908570601669156,,,,,,,,,
365,0.4020733704501513,0.4209397114901204,0.6552447404619012,,,,,,,,,
366,0.4602740334051362,0.3845961266527855,0.6146636527273882,,,,,,,,,
367,0.4566070163762997,0.38548690029918403,0.5838456737663265,,,,,,,,,
368,0.5087563147386698,0.38639759658094275,0.5683414927013709,,,,,,,,,
369,0.4876900695764799,0.4449528369228485,0.6089643434312338,,,,,,,,,
370,0.47476744893050904,0.40783993954224074,0.5716282953997875,,,,,,,,,
371,0.46967009034913526,,0.5550198521714859,,,,,,,,,
372,0.4533604676258988,,0.5006952532660144,,,,,,,,,
373,0.44341280717498605,,0.47981211425109005,,,,,,,,,
374,0.49697152645748743,,0.5317459028259811,,,,,,,,,
375,0.48925576012341576,,0.578355312543383,,,,,,,,,
376,0.4736985704227513,,0.5530591676007218,,,,,,,,,
377,0.46243809969215327,,0.5315456371523267,,,,,,,,,
378,0.456567676034615,,0.5089764597487711,,,,,,,,,
379,0.4522462947428306,,0.558040813773894,,,,,,,,,
380,0.4493790515802247,,0.5450971187081818,,,,,,,,,
381,0.4445195327338793,,0.5253057931490407,,,,,,,,,
382,0.49860857946049136,,0.4727752138341366,,,,,,,,,
383,0.5466997215144422,,0.5254256924507229,,,,,,,,,
384,0.5073151356746751,,0.5726211232056506,,,,,,,,,
385,0.4981140084188847,,0.5576833971967627,,,,,,,,,
386,0.5465176075769962,,0.5367954437887636,,,,,,,,,
387,0.5265492331309737,,0.5168432857215643,,,,,,,,,
388,0.5179806961295534,,,,,,,,,,,
389,0.5043580128282752,,,,,,,,,,,
390,0.5517422115454477,,,,,,,,,,,
391,0.53052737670258,,,,,,,,,,,
392,0.5174950253439992,,,,,,,,,,,
393,0.5005809091212763,,,,,,,,,,,
394,0.4938942045208258,,,,,,,,,,,
395,0.4770561703804203,,,,,,,,,,,
396,0.46993093965405536,,,,,,,,,,,
397,0.5214638456886498,,,,,,,,,,,
398,0.5666034611197849,,,,,,,,,,,
399,0.6098981150078064,,,,,,,,,,,
400,0.6488623035070258,,,,,,,,,,,
401,0.6839310731563233,,,,,,,,,,,
402,0.7154639658406909,,,,,,,,,,,
403,0.681683955568299,,,,,,,,,,,
404,0.6493089463231462,,,,,,,,,,,
405,0.6125944380025087,,,,,,,,,,,
406,0.6501809942022578,,,,,,,,,,,
407,0.6828548947820321,,,,,,,,,,,
408,0.6188657916155059,,,,,,,,,,,
409,0.5569792124539553,,,,,,,,,,,
410,0.5351686775202369,,,,,,,,,,,
411,0.5806098097682132,,,,,,,,,,,
412,0.6203198287913918,,,,,,,,,,,
413,0.6567528459122527,,,,,,,,,,,
414,0.6893985613210274,,,,,,,,,,,
415,0.6572320915006018,,,,,,,,,,,
416,0.6068892686622187,,,,,,,,,,,
417,0.6446453417959969,,,,,,,,,,,
418,0.6209191939280744,,,,,,,,,,,
419,0.600261660846944,,,,,,,,,,,
420,0.5402354947622496,,,,,,,,,,,
421,0.5080713315977018,,,,,,,,,,,
422,0.5560861984379316,,,,,,,,,,,
423,0.5415859649058156,,,,,,,,,,,
424,0.5294627547269112,,,,,,,,,,,
425,0.5108068655658972,,,,,,,,,,,
426,0.48454556532098453,,,,,,,,,,,
427,0.47032139510056314,,,,,,,,,,,
428,0.46447564190218393,,,,,,,,,,,
429,0.46192546402364265,,,,,,,,,,,
430,0.4306123039329555,,,,,,,,,,,
431,0.42264745985133706,,,,,,,,,,,
432,0.47810171386620337,,,,,,,,,,,
433,0.45927592879126017,,,,,,,,,,,
434,0.41742372222381124,,,,,,,,,,,
435,0.3756813500014301,,,,,,,,,,,
436,0.3787826013129642,,,,,,,,,,,
437,0.3689377274933449,,,,,,,,,,,
438,0.36682134105568753,,,,,,,,,,,
439,0.4300182069501188,,,,,,,,,,,
440,0.429951772566784,,,,,,,,,,,
441,0.4848145953101056,,,,,,,,,,,
442,0.45412852209077215,,,,,,,,,,,
